INSERT INTO mime_type (mime_id, mime_type, is_binary) VALUES (1, 'text/html', 0);
INSERT INTO mime_type (mime_id, mime_type, is_binary) VALUES (2, 'application/pdf', 1);
INSERT INTO mime_type (mime_id, mime_type, is_binary) VALUES (3, 'application/wpd', 1);
INSERT INTO mime_type (mime_id, mime_type, is_binary) VALUES (4, 'application/doc', 1);
INSERT INTO mime_type (mime_id, mime_type, is_binary) VALUES (5, 'application/rtf', 1);
INSERT INTO mime_type (mime_id, mime_type, is_binary) VALUES (6, 'application/vnd.openxmlformats-officedocument.wordprocessingml.document', 1);

INSERT INTO type (bill_type_id, bill_type_name, bill_type_abbr) VALUES (0, 'Committee Bill', 'CB');
INSERT INTO type (bill_type_id, bill_type_name, bill_type_abbr) VALUES (1, 'Bill', 'B');
INSERT INTO type (bill_type_id, bill_type_name, bill_type_abbr) VALUES (2, 'Resolution', 'R');
INSERT INTO type (bill_type_id, bill_type_name, bill_type_abbr) VALUES (3, 'Concurrent Resolution', 'CR');
INSERT INTO type (bill_type_id, bill_type_name, bill_type_abbr) VALUES (4, 'Joint Resolution', 'JR');
INSERT INTO type (bill_type_id, bill_type_name, bill_type_abbr) VALUES (5, 'Joint Resolution Constitutional Amendment', 'JRCA');
INSERT INTO type (bill_type_id, bill_type_name, bill_type_abbr) VALUES (6, 'Executive Order', 'EO');
INSERT INTO type (bill_type_id, bill_type_name, bill_type_abbr) VALUES (7, 'Constitutional Amendment', 'CA');
INSERT INTO type (bill_type_id, bill_type_name, bill_type_abbr) VALUES (8, 'Memorial', 'M');
INSERT INTO type (bill_type_id, bill_type_name, bill_type_abbr) VALUES (9, 'Claim', 'CL');
INSERT INTO type (bill_type_id, bill_type_name, bill_type_abbr) VALUES (10, 'Commendation', 'C');
INSERT INTO type (bill_type_id, bill_type_name, bill_type_abbr) VALUES (11, 'Committee Study Request', 'CSR');
INSERT INTO type (bill_type_id, bill_type_name, bill_type_abbr) VALUES (12, 'Joint Memorial', 'JM');
INSERT INTO type (bill_type_id, bill_type_name, bill_type_abbr) VALUES (13, 'Proclamation', 'P');
INSERT INTO type (bill_type_id, bill_type_name, bill_type_abbr) VALUES (14, 'Study Request', 'SR');
INSERT INTO type (bill_type_id, bill_type_name, bill_type_abbr) VALUES (15, 'Address', 'A');
INSERT INTO type (bill_type_id, bill_type_name, bill_type_abbr) VALUES (16, 'Concurrent Memorial', 'CM');
INSERT INTO type (bill_type_id, bill_type_name, bill_type_abbr) VALUES (17, 'Initiative', 'I');
INSERT INTO type (bill_type_id, bill_type_name, bill_type_abbr) VALUES (18, 'Petition', 'PET');
INSERT INTO type (bill_type_id, bill_type_name, bill_type_abbr) VALUES (19, 'Study Bill', 'SB');
INSERT INTO type (bill_type_id, bill_type_name, bill_type_abbr) VALUES (20, 'Initiative Petition', 'IP');
INSERT INTO type (bill_type_id, bill_type_name, bill_type_abbr) VALUES (21, 'Repeal Bill', 'RB');
INSERT INTO type (bill_type_id, bill_type_name, bill_type_abbr) VALUES (22, 'Remonstration', 'RM');
INSERT INTO type (bill_type_id, bill_type_name, bill_type_abbr) VALUES (23, 'Committee Bill', 'CB');

INSERT INTO party (party_id, party_abbr, party_short, party_name) VALUES(1, 'D', 'Dem', 'Democrat');
INSERT INTO party (party_id, party_abbr, party_short, party_name) VALUES(2, 'R', 'Rep', 'Republican');
INSERT INTO party (party_id, party_abbr, party_short, party_name) VALUES(3, 'I', 'Ind', 'Independent');
INSERT INTO party (party_id, party_abbr, party_short, party_name) VALUES(4, 'G', 'Grn', 'Green Party');
INSERT INTO party (party_id, party_abbr, party_short, party_name) VALUES(5, 'L', 'Lib', 'Libertarian');
INSERT INTO party (party_id, party_abbr, party_short, party_name) VALUES(6, 'N', 'NP', 'Nonpartisan');


INSERT INTO reason (reason_id, reason_desc) VALUES(1, 'NewBill');
INSERT INTO reason (reason_id, reason_desc) VALUES(2, 'StatusChange');
INSERT INTO reason (reason_id, reason_desc) VALUES(3, 'Chamber');
INSERT INTO reason (reason_id, reason_desc) VALUES(4, 'Complete');
INSERT INTO reason (reason_id, reason_desc) VALUES(5, 'Title');
INSERT INTO reason (reason_id, reason_desc) VALUES(6, 'Description');
INSERT INTO reason (reason_id, reason_desc) VALUES(7, 'CommRefer');
INSERT INTO reason (reason_id, reason_desc) VALUES(8, 'CommReport');
INSERT INTO reason (reason_id, reason_desc) VALUES(9, 'SponsorAdd');
INSERT INTO reason (reason_id, reason_desc) VALUES(10, 'SponsorRemove');
INSERT INTO reason (reason_id, reason_desc) VALUES(11, 'SponsorChange');
INSERT INTO reason (reason_id, reason_desc) VALUES(12, 'HistoryAdd');
INSERT INTO reason (reason_id, reason_desc) VALUES(13, 'HistoryRemove');
INSERT INTO reason (reason_id, reason_desc) VALUES(14, 'HistoryRevised');
INSERT INTO reason (reason_id, reason_desc) VALUES(15, 'HistoryMajor');
INSERT INTO reason (reason_id, reason_desc) VALUES(16, 'HistoryMinor');
INSERT INTO reason (reason_id, reason_desc) VALUES(17, 'SubjectAdd');
INSERT INTO reason (reason_id, reason_desc) VALUES(18, 'SubjectRemove');
INSERT INTO reason (reason_id, reason_desc) VALUES(19, 'SAST');
INSERT INTO reason (reason_id, reason_desc) VALUES(20, 'Text');
INSERT INTO reason (reason_id, reason_desc) VALUES(21, 'Amendment');
INSERT INTO reason (reason_id, reason_desc) VALUES(22, 'Supplement');
INSERT INTO reason (reason_id, reason_desc) VALUES(23, 'Vote');
INSERT INTO reason (reason_id, reason_desc) VALUES(24, 'Calendar');
INSERT INTO reason (reason_id, reason_desc) VALUES(25, 'Progress');
INSERT INTO reason (reason_id, reason_desc) VALUES(26, 'VoteUpdate');
INSERT INTO reason (reason_id, reason_desc) VALUES(27, 'TextUpdate');
INSERT INTO reason (reason_id, reason_desc) VALUES(99, 'ICBM');

INSERT INTO role (role_id, role_name, role_abbr) VALUES(1, 'Representative', 'Rep');
INSERT INTO role (role_id, role_name, role_abbr) VALUES(2, 'Senator', 'Sen');
INSERT INTO role (role_id, role_name, role_abbr) VALUES(3, 'Joint Conference', 'Jnt');

INSERT INTO sast_type (sast_id, sast_description) VALUES(1, 'Same As');
INSERT INTO sast_type (sast_id, sast_description) VALUES(2, 'Similar To');
INSERT INTO sast_type (sast_id, sast_description) VALUES(3, 'Replaced by');
INSERT INTO sast_type (sast_id, sast_description) VALUES(4, 'Replaces');
INSERT INTO sast_type (sast_id, sast_description) VALUES(5, 'Crossfiled');
INSERT INTO sast_type (sast_id, sast_description) VALUES(6, 'Enabling for');
INSERT INTO sast_type (sast_id, sast_description) VALUES(7, 'Enabled by');
INSERT INTO sast_type (sast_id, sast_description) VALUES(8, 'Related');
INSERT INTO sast_type (sast_id, sast_description) VALUES(9, 'Carry Over');

INSERT INTO progress (progress_step_id, progress_desc) VALUES(1, 'Introduced');
INSERT INTO progress (progress_step_id, progress_desc) VALUES(2, 'Engrossed');
INSERT INTO progress (progress_step_id, progress_desc) VALUES(3, 'Enrolled');
INSERT INTO progress (progress_step_id, progress_desc) VALUES(4, 'Passed');
INSERT INTO progress (progress_step_id, progress_desc) VALUES(5, 'Vetoed');
INSERT INTO progress (progress_step_id, progress_desc) VALUES(6, 'Failed');
INSERT INTO progress (progress_step_id, progress_desc) VALUES(7, 'Override');
INSERT INTO progress (progress_step_id, progress_desc) VALUES(8, 'Chaptered');
INSERT INTO progress (progress_step_id, progress_desc) VALUES(9, 'Refer');
INSERT INTO progress (progress_step_id, progress_desc) VALUES(10, 'Report Pass');
INSERT INTO progress (progress_step_id, progress_desc) VALUES(11, 'Report DNP');
INSERT INTO progress (progress_step_id, progress_desc) VALUES(12, 'Draft');

INSERT INTO sponsor_type (sponsor_type_id, sponsor_type_description) VALUES(0, 'Sponsor');
INSERT INTO sponsor_type (sponsor_type_id, sponsor_type_description) VALUES(1, 'Primary Sponsor');
INSERT INTO sponsor_type (sponsor_type_id, sponsor_type_description) VALUES(2, 'Co-Sponsor');
INSERT INTO sponsor_type (sponsor_type_id, sponsor_type_description) VALUES(3, 'Joint Sponsor');

INSERT INTO supplement_type (supplement_type_id, supplement_type_description) VALUES(1, 'Fiscal Note');
INSERT INTO supplement_type (supplement_type_id, supplement_type_description) VALUES(2, 'Analysis');
INSERT INTO supplement_type (supplement_type_id, supplement_type_description) VALUES(3, 'Fiscal Note/Analysis');
INSERT INTO supplement_type (supplement_type_id, supplement_type_description) VALUES(4, 'Vote Image');
INSERT INTO supplement_type (supplement_type_id, supplement_type_description) VALUES(5, 'Local Mandate');
INSERT INTO supplement_type (supplement_type_id, supplement_type_description) VALUES(6, 'Corrections Impact');
INSERT INTO supplement_type (supplement_type_id, supplement_type_description) VALUES(7, 'Misc');
INSERT INTO supplement_type (supplement_type_id, supplement_type_description) VALUES(8, 'Veto Letter');

INSERT INTO vote (vote_id, vote_desc) VALUES(1, 'Yea');
INSERT INTO vote (vote_id, vote_desc) VALUES(2, 'Nay');
INSERT INTO vote (vote_id, vote_desc) VALUES(3, 'Not Voting');
INSERT INTO vote (vote_id, vote_desc) VALUES(4, 'Absent');

INSERT INTO state (state_id, state_abbr, state_name, biennium, carry_over, capitol, latitude, longitude) VALUES(1, 'AL', 'Alabama', 0, 'NO', 'Montgomery', '32.377716', '-86.300489');
INSERT INTO state (state_id, state_abbr, state_name, biennium, carry_over, capitol, latitude, longitude) VALUES(2, 'AK', 'Alaska', 1, 'OE', 'Juneau', '58.301105', '-134.412957');
INSERT INTO state (state_id, state_abbr, state_name, biennium, carry_over, capitol, latitude, longitude) VALUES(3, 'AZ', 'Arizona', 0, 'NO', 'Phoenix', '33.448113', '-112.097037');
INSERT INTO state (state_id, state_abbr, state_name, biennium, carry_over, capitol, latitude, longitude) VALUES(4, 'AR', 'Arkansas', 0, 'NO', 'Little Rock', '34.746361', '-92.289422');
INSERT INTO state (state_id, state_abbr, state_name, biennium, carry_over, capitol, latitude, longitude) VALUES(5, 'CA', 'California', 1, 'OE', 'Sacramento', '38.576700', '-121.493766');
INSERT INTO state (state_id, state_abbr, state_name, biennium, carry_over, capitol, latitude, longitude) VALUES(6, 'CO', 'Colorado', 0, 'NO', 'Denver', '39.739276', '-104.984848');
INSERT INTO state (state_id, state_abbr, state_name, biennium, carry_over, capitol, latitude, longitude) VALUES(7, 'CT', 'Connecticut', 0, 'NO', 'Hartford', '41.762831', '-72.682383');
INSERT INTO state (state_id, state_abbr, state_name, biennium, carry_over, capitol, latitude, longitude) VALUES(8, 'DE', 'Delaware', 1, 'OE', 'Dover', '39.157354', '-75.519570');
INSERT INTO state (state_id, state_abbr, state_name, biennium, carry_over, capitol, latitude, longitude) VALUES(9, 'FL', 'Florida', 0, 'NO', 'Tallahassee', '30.438086', '-84.282196');
INSERT INTO state (state_id, state_abbr, state_name, biennium, carry_over, capitol, latitude, longitude) VALUES(10, 'GA', 'Georgia', 1, 'OE', 'Atlanta', '33.749035', '-84.388195');
INSERT INTO state (state_id, state_abbr, state_name, biennium, carry_over, capitol, latitude, longitude) VALUES(11, 'HI', 'Hawaii', 0, 'OE', 'Honolulu', '21.294786', '-157.858818');
INSERT INTO state (state_id, state_abbr, state_name, biennium, carry_over, capitol, latitude, longitude) VALUES(12, 'ID', 'Idaho', 0, 'NO', 'Boise', '43.617850', '-116.199940');
INSERT INTO state (state_id, state_abbr, state_name, biennium, carry_over, capitol, latitude, longitude) VALUES(13, 'IL', 'Illinois', 1, 'OE', 'Springfield', '39.798358', '-89.654972');
INSERT INTO state (state_id, state_abbr, state_name, biennium, carry_over, capitol, latitude, longitude) VALUES(14, 'IN', 'Indiana', 0, 'NO', 'Indianapolis', '39.768590', '-86.162634');
INSERT INTO state (state_id, state_abbr, state_name, biennium, carry_over, capitol, latitude, longitude) VALUES(15, 'IA', 'Iowa', 1, 'OE', 'Des Moines', '41.591183', '-93.603694');
INSERT INTO state (state_id, state_abbr, state_name, biennium, carry_over, capitol, latitude, longitude) VALUES(16, 'KS', 'Kansas', 1, 'OE', 'Topeka', '39.048070', '-95.678080');
INSERT INTO state (state_id, state_abbr, state_name, biennium, carry_over, capitol, latitude, longitude) VALUES(17, 'KY', 'Kentucky', 0, 'NO', 'Frankfort', '38.186658', '-84.875265');
INSERT INTO state (state_id, state_abbr, state_name, biennium, carry_over, capitol, latitude, longitude) VALUES(18, 'LA', 'Louisiana', 0, 'NO', 'Baton Rouge', '30.456615', '-91.187356');
INSERT INTO state (state_id, state_abbr, state_name, biennium, carry_over, capitol, latitude, longitude) VALUES(19, 'ME', 'Maine', 1, 'OE', 'Augusta', '44.307185', '-69.781390');
INSERT INTO state (state_id, state_abbr, state_name, biennium, carry_over, capitol, latitude, longitude) VALUES(20, 'MD', 'Maryland', 0, 'NO', 'Annapolis', '38.978862', '-76.490685');
INSERT INTO state (state_id, state_abbr, state_name, biennium, carry_over, capitol, latitude, longitude) VALUES(21, 'MA', 'Massachusetts', 1, 'OE', 'Boston', '42.358424', '-71.063701');
INSERT INTO state (state_id, state_abbr, state_name, biennium, carry_over, capitol, latitude, longitude) VALUES(22, 'MI', 'Michigan', 1, 'OE', 'Lansing', '42.733470', '-84.555300');
INSERT INTO state (state_id, state_abbr, state_name, biennium, carry_over, capitol, latitude, longitude) VALUES(23, 'MN', 'Minnesota', 1, 'OE', 'Saint Paul', '44.948232', '-93.105406');
INSERT INTO state (state_id, state_abbr, state_name, biennium, carry_over, capitol, latitude, longitude) VALUES(24, 'MS', 'Mississippi', 0, 'NO', 'Jackson', '32.303799', '-90.182005');
INSERT INTO state (state_id, state_abbr, state_name, biennium, carry_over, capitol, latitude, longitude) VALUES(25, 'MO', 'Missouri', 0, 'NO', 'Jefferson City', '38.579206', '-92.173019');
INSERT INTO state (state_id, state_abbr, state_name, biennium, carry_over, capitol, latitude, longitude) VALUES(26, 'MT', 'Montana', 0, 'NO', 'Helena', '46.585774', '-112.018180');
INSERT INTO state (state_id, state_abbr, state_name, biennium, carry_over, capitol, latitude, longitude) VALUES(27, 'NE', 'Nebraska', 1, 'OE', 'Lincoln', '40.807935', '-96.699655');
INSERT INTO state (state_id, state_abbr, state_name, biennium, carry_over, capitol, latitude, longitude) VALUES(28, 'NV', 'Nevada', 0, 'NO', 'Carson City', '39.164009', '-119.766153');
INSERT INTO state (state_id, state_abbr, state_name, biennium, carry_over, capitol, latitude, longitude) VALUES(29, 'NH', 'New Hampshire', 0, 'OE', 'Concord', '43.206854', '-71.537659');
INSERT INTO state (state_id, state_abbr, state_name, biennium, carry_over, capitol, latitude, longitude) VALUES(30, 'NJ', 'New Jersey', 1, 'EO', 'Trenton', '40.220280', '-74.770140');
INSERT INTO state (state_id, state_abbr, state_name, biennium, carry_over, capitol, latitude, longitude) VALUES(31, 'NM', 'New Mexico', 0, 'NO', 'Santa Fe', '35.682440', '-105.940074');
INSERT INTO state (state_id, state_abbr, state_name, biennium, carry_over, capitol, latitude, longitude) VALUES(32, 'NY', 'New York', 1, 'OE', 'Albany', '40.771120', '-73.974190');
INSERT INTO state (state_id, state_abbr, state_name, biennium, carry_over, capitol, latitude, longitude) VALUES(33, 'NC', 'North Carolina', 1, 'OE', 'Raleigh', '35.780498', '-78.639110');
INSERT INTO state (state_id, state_abbr, state_name, biennium, carry_over, capitol, latitude, longitude) VALUES(34, 'ND', 'North Dakota', 1, 'NO', 'Bismarck', '46.820900', '-100.781955');
INSERT INTO state (state_id, state_abbr, state_name, biennium, carry_over, capitol, latitude, longitude) VALUES(35, 'OH', 'Ohio', 1, 'OE', 'Columbus', '39.961392', '-82.999065');
INSERT INTO state (state_id, state_abbr, state_name, biennium, carry_over, capitol, latitude, longitude) VALUES(36, 'OK', 'Oklahoma', 0, 'OE', 'Oklahoma City', '35.492320', '-97.503340');
INSERT INTO state (state_id, state_abbr, state_name, biennium, carry_over, capitol, latitude, longitude) VALUES(37, 'OR', 'Oregon', 0, 'NO', 'Salem', '44.938361', '-123.030155');
INSERT INTO state (state_id, state_abbr, state_name, biennium, carry_over, capitol, latitude, longitude) VALUES(38, 'PA', 'Pennsylvania', 1, 'OE', 'Harrisburg', '40.264330', '-76.883521');
INSERT INTO state (state_id, state_abbr, state_name, biennium, carry_over, capitol, latitude, longitude) VALUES(39, 'RI', 'Rhode Island', 0, 'OE', 'Providence', '41.831097', '-71.414883');
INSERT INTO state (state_id, state_abbr, state_name, biennium, carry_over, capitol, latitude, longitude) VALUES(40, 'SC', 'South Carolina', 1, 'OE', 'Columbia', '34.000386', '-81.033210');
INSERT INTO state (state_id, state_abbr, state_name, biennium, carry_over, capitol, latitude, longitude) VALUES(41, 'SD', 'South Dakota', 0, 'NO', 'Pierre', '44.367630', '-100.346040');
INSERT INTO state (state_id, state_abbr, state_name, biennium, carry_over, capitol, latitude, longitude) VALUES(42, 'TN', 'Tennessee', 1, 'OE', 'Nashville', '36.166011', '-86.784297');
INSERT INTO state (state_id, state_abbr, state_name, biennium, carry_over, capitol, latitude, longitude) VALUES(43, 'TX', 'Texas', 1, 'NO', 'Austin', '30.274001', '-97.740631');
INSERT INTO state (state_id, state_abbr, state_name, biennium, carry_over, capitol, latitude, longitude) VALUES(44, 'UT', 'Utah', 0, 'NO', 'Salt Lake City', '40.777200', '-111.888280');
INSERT INTO state (state_id, state_abbr, state_name, biennium, carry_over, capitol, latitude, longitude) VALUES(45, 'VT', 'Vermont', 1, 'OE', 'Montpelier', '44.262141', '-72.580716');
INSERT INTO state (state_id, state_abbr, state_name, biennium, carry_over, capitol, latitude, longitude) VALUES(46, 'VA', 'Virginia', 0, 'EO', 'Richmond', '37.538783', '-77.433449');
INSERT INTO state (state_id, state_abbr, state_name, biennium, carry_over, capitol, latitude, longitude) VALUES(47, 'WA', 'Washington', 1, 'OE', 'Olympia', '47.035964', '-122.904799');
INSERT INTO state (state_id, state_abbr, state_name, biennium, carry_over, capitol, latitude, longitude) VALUES(48, 'WV', 'West Virginia', 0, 'OE', 'Charleston', '38.336166', '-81.612186');
INSERT INTO state (state_id, state_abbr, state_name, biennium, carry_over, capitol, latitude, longitude) VALUES(49, 'WI', 'Wisconsin', 1, 'OE', 'Madison', '43.074530', '-89.384120');
INSERT INTO state (state_id, state_abbr, state_name, biennium, carry_over, capitol, latitude, longitude) VALUES(50, 'WY', 'Wyoming', 0, 'NO', 'Cheyenne', '41.140101', '-104.820112');
INSERT INTO state (state_id, state_abbr, state_name, biennium, carry_over, capitol, latitude, longitude) VALUES(51, 'DC', 'Washington D.C.', 1, 'OE', 'Washington, DC', '38.894825', '-77.031338');
INSERT INTO state (state_id, state_abbr, state_name, biennium, carry_over, capitol, latitude, longitude) VALUES(52, 'US', 'US Congress', 1, 'OE', 'Washington, DC', '38.889873', '-77.008823');

INSERT INTO text_type (text_type_id, bill_text_name, bill_text_sort, bill_text_supplement) VALUES(1, 'Introduced', 2, 0);
INSERT INTO text_type (text_type_id, bill_text_name, bill_text_sort, bill_text_supplement) VALUES(2, 'Comm Sub', 4, 0);
INSERT INTO text_type (text_type_id, bill_text_name, bill_text_sort, bill_text_supplement) VALUES(3, 'Amended', 3, 0);
INSERT INTO text_type (text_type_id, bill_text_name, bill_text_sort, bill_text_supplement) VALUES(4, 'Engrossed', 7, 0);
INSERT INTO text_type (text_type_id, bill_text_name, bill_text_sort, bill_text_supplement) VALUES(5, 'Enrolled', 8, 0);
INSERT INTO text_type (text_type_id, bill_text_name, bill_text_sort, bill_text_supplement) VALUES(6, 'Chaptered', 9, 0);
INSERT INTO text_type (text_type_id, bill_text_name, bill_text_sort, bill_text_supplement) VALUES(7, 'Fiscal Note', 0, 1);
INSERT INTO text_type (text_type_id, bill_text_name, bill_text_sort, bill_text_supplement) VALUES(8, 'Analysis', 0, 1);
INSERT INTO text_type (text_type_id, bill_text_name, bill_text_sort, bill_text_supplement) VALUES(9, 'Draft', 1, 0);
INSERT INTO text_type (text_type_id, bill_text_name, bill_text_sort, bill_text_supplement) VALUES(10, 'Conference Sub', 5, 0);
INSERT INTO text_type (text_type_id, bill_text_name, bill_text_sort, bill_text_supplement) VALUES(11, 'Prefiled', 0, 0);
INSERT INTO text_type (text_type_id, bill_text_name, bill_text_sort, bill_text_supplement) VALUES(12, 'Veto Message', 0, 1);
INSERT INTO text_type (text_type_id, bill_text_name, bill_text_sort, bill_text_supplement) VALUES(13, 'Veto Response', 0, 1);
INSERT INTO text_type (text_type_id, bill_text_name, bill_text_sort, bill_text_supplement) VALUES(14, 'Substitute', 6, 0);

INSERT INTO body (body_id, state_id, role_id, body_abbr, body_short, body_name, body_role_abbr, body_role_name) VALUES (1, 48, 1, 'H', 'House', 'House of Delegates', 'Del', 'Delegate');
INSERT INTO body (body_id, state_id, role_id, body_abbr, body_short, body_name, body_role_abbr, body_role_name) VALUES (3, 38, 1, 'H', 'House', 'House of Representatives', 'Rep', 'Representative');
INSERT INTO body (body_id, state_id, role_id, body_abbr, body_short, body_name, body_role_abbr, body_role_name) VALUES (2, 48, 2, 'S', 'Senate', 'Senate', 'Sen', 'Senator');
INSERT INTO body (body_id, state_id, role_id, body_abbr, body_short, body_name, body_role_abbr, body_role_name) VALUES (4, 38, 2, 'S', 'Senate', 'Senate', 'Sen', 'Senator');
INSERT INTO body (body_id, state_id, role_id, body_abbr, body_short, body_name, body_role_abbr, body_role_name) VALUES (5, 35, 1, 'H', 'House', 'House of Representatives', 'Rep', 'Representative');
INSERT INTO body (body_id, state_id, role_id, body_abbr, body_short, body_name, body_role_abbr, body_role_name) VALUES (6, 35, 2, 'S', 'Senate', 'Senate', 'Sen', 'Senator');
INSERT INTO body (body_id, state_id, role_id, body_abbr, body_short, body_name, body_role_abbr, body_role_name) VALUES (7, 46, 1, 'H', 'House', 'House of Delegates', 'Del', 'Delegate');
INSERT INTO body (body_id, state_id, role_id, body_abbr, body_short, body_name, body_role_abbr, body_role_name) VALUES (8, 46, 2, 'S', 'Senate', 'Senate', 'Sen', 'Senator');
INSERT INTO body (body_id, state_id, role_id, body_abbr, body_short, body_name, body_role_abbr, body_role_name) VALUES (11, 1, 1, 'H', 'House', 'House of Representatives', 'Rep', 'Representative');
INSERT INTO body (body_id, state_id, role_id, body_abbr, body_short, body_name, body_role_abbr, body_role_name) VALUES (12, 1, 2, 'S', 'Senate', 'Senate', 'Sen', 'Senator');
INSERT INTO body (body_id, state_id, role_id, body_abbr, body_short, body_name, body_role_abbr, body_role_name) VALUES (13, 2, 1, 'H', 'House', 'House of Representatives', 'Rep', 'Representative');
INSERT INTO body (body_id, state_id, role_id, body_abbr, body_short, body_name, body_role_abbr, body_role_name) VALUES (14, 2, 2, 'S', 'Senate', 'Senate', 'Sen', 'Senator');
INSERT INTO body (body_id, state_id, role_id, body_abbr, body_short, body_name, body_role_abbr, body_role_name) VALUES (15, 3, 1, 'H', 'House', 'House of Representatives', 'Rep', 'Representative');
INSERT INTO body (body_id, state_id, role_id, body_abbr, body_short, body_name, body_role_abbr, body_role_name) VALUES (16, 3, 2, 'S', 'Senate', 'Senate', 'Sen', 'Senator');
INSERT INTO body (body_id, state_id, role_id, body_abbr, body_short, body_name, body_role_abbr, body_role_name) VALUES (17, 4, 1, 'H', 'House', 'House of Representatives', 'Rep', 'Representative');
INSERT INTO body (body_id, state_id, role_id, body_abbr, body_short, body_name, body_role_abbr, body_role_name) VALUES (18, 4, 2, 'S', 'Senate', 'Senate', 'Sen', 'Senator');
INSERT INTO body (body_id, state_id, role_id, body_abbr, body_short, body_name, body_role_abbr, body_role_name) VALUES (19, 5, 1, 'A', 'Assembly', 'State Assembly', 'Asm', 'Assemblymember');
INSERT INTO body (body_id, state_id, role_id, body_abbr, body_short, body_name, body_role_abbr, body_role_name) VALUES (20, 5, 2, 'S', 'Senate', 'Senate', 'Sen', 'Senator');
INSERT INTO body (body_id, state_id, role_id, body_abbr, body_short, body_name, body_role_abbr, body_role_name) VALUES (21, 6, 1, 'H', 'House', 'House of Representatives', 'Rep', 'Representative');
INSERT INTO body (body_id, state_id, role_id, body_abbr, body_short, body_name, body_role_abbr, body_role_name) VALUES (22, 6, 2, 'S', 'Senate', 'Senate', 'Sen', 'Senator');
INSERT INTO body (body_id, state_id, role_id, body_abbr, body_short, body_name, body_role_abbr, body_role_name) VALUES (23, 7, 1, 'H', 'House', 'House of Representatives', 'Rep', 'Representative');
INSERT INTO body (body_id, state_id, role_id, body_abbr, body_short, body_name, body_role_abbr, body_role_name) VALUES (24, 7, 2, 'S', 'Senate', 'Senate', 'Sen', 'Senator');
INSERT INTO body (body_id, state_id, role_id, body_abbr, body_short, body_name, body_role_abbr, body_role_name) VALUES (25, 8, 1, 'H', 'House', 'House of Representatives', 'Rep', 'Representative');
INSERT INTO body (body_id, state_id, role_id, body_abbr, body_short, body_name, body_role_abbr, body_role_name) VALUES (26, 8, 2, 'S', 'Senate', 'Senate', 'Sen', 'Senator');
INSERT INTO body (body_id, state_id, role_id, body_abbr, body_short, body_name, body_role_abbr, body_role_name) VALUES (27, 9, 1, 'H', 'House', 'House of Representatives', 'Rep', 'Representative');
INSERT INTO body (body_id, state_id, role_id, body_abbr, body_short, body_name, body_role_abbr, body_role_name) VALUES (28, 9, 2, 'S', 'Senate', 'Senate', 'Sen', 'Senator');
INSERT INTO body (body_id, state_id, role_id, body_abbr, body_short, body_name, body_role_abbr, body_role_name) VALUES (29, 10, 1, 'H', 'House', 'House of Representatives', 'Rep', 'Representative');
INSERT INTO body (body_id, state_id, role_id, body_abbr, body_short, body_name, body_role_abbr, body_role_name) VALUES (30, 10, 2, 'S', 'Senate', 'Senate', 'Sen', 'Senator');
INSERT INTO body (body_id, state_id, role_id, body_abbr, body_short, body_name, body_role_abbr, body_role_name) VALUES (31, 11, 1, 'H', 'House', 'House of Representatives', 'Rep', 'Representative');
INSERT INTO body (body_id, state_id, role_id, body_abbr, body_short, body_name, body_role_abbr, body_role_name) VALUES (32, 11, 2, 'S', 'Senate', 'Senate', 'Sen', 'Senator');
INSERT INTO body (body_id, state_id, role_id, body_abbr, body_short, body_name, body_role_abbr, body_role_name) VALUES (33, 12, 1, 'H', 'House', 'House of Representatives', 'Rep', 'Representative');
INSERT INTO body (body_id, state_id, role_id, body_abbr, body_short, body_name, body_role_abbr, body_role_name) VALUES (34, 12, 2, 'S', 'Senate', 'Senate', 'Sen', 'Senator');
INSERT INTO body (body_id, state_id, role_id, body_abbr, body_short, body_name, body_role_abbr, body_role_name) VALUES (35, 13, 1, 'H', 'House', 'House of Representatives', 'Rep', 'Representative');
INSERT INTO body (body_id, state_id, role_id, body_abbr, body_short, body_name, body_role_abbr, body_role_name) VALUES (36, 13, 2, 'S', 'Senate', 'Senate', 'Sen', 'Senator');
INSERT INTO body (body_id, state_id, role_id, body_abbr, body_short, body_name, body_role_abbr, body_role_name) VALUES (37, 14, 1, 'H', 'House', 'House of Representatives', 'Rep', 'Representative');
INSERT INTO body (body_id, state_id, role_id, body_abbr, body_short, body_name, body_role_abbr, body_role_name) VALUES (38, 14, 2, 'S', 'Senate', 'Senate', 'Sen', 'Senator');
INSERT INTO body (body_id, state_id, role_id, body_abbr, body_short, body_name, body_role_abbr, body_role_name) VALUES (39, 15, 1, 'H', 'House', 'House of Representatives', 'Rep', 'Representative');
INSERT INTO body (body_id, state_id, role_id, body_abbr, body_short, body_name, body_role_abbr, body_role_name) VALUES (40, 15, 2, 'S', 'Senate', 'Senate', 'Sen', 'Senator');
INSERT INTO body (body_id, state_id, role_id, body_abbr, body_short, body_name, body_role_abbr, body_role_name) VALUES (41, 16, 1, 'H', 'House', 'House of Representatives', 'Rep', 'Representative');
INSERT INTO body (body_id, state_id, role_id, body_abbr, body_short, body_name, body_role_abbr, body_role_name) VALUES (42, 16, 2, 'S', 'Senate', 'Senate', 'Sen', 'Senator');
INSERT INTO body (body_id, state_id, role_id, body_abbr, body_short, body_name, body_role_abbr, body_role_name) VALUES (43, 17, 1, 'H', 'House', 'House of Representatives', 'Rep', 'Representative');
INSERT INTO body (body_id, state_id, role_id, body_abbr, body_short, body_name, body_role_abbr, body_role_name) VALUES (44, 17, 2, 'S', 'Senate', 'Senate', 'Sen', 'Senator');
INSERT INTO body (body_id, state_id, role_id, body_abbr, body_short, body_name, body_role_abbr, body_role_name) VALUES (45, 18, 1, 'H', 'House', 'House of Representatives', 'Rep', 'Representative');
INSERT INTO body (body_id, state_id, role_id, body_abbr, body_short, body_name, body_role_abbr, body_role_name) VALUES (46, 18, 2, 'S', 'Senate', 'Senate', 'Sen', 'Senator');
INSERT INTO body (body_id, state_id, role_id, body_abbr, body_short, body_name, body_role_abbr, body_role_name) VALUES (47, 19, 1, 'H', 'House', 'House of Representatives', 'Rep', 'Representative');
INSERT INTO body (body_id, state_id, role_id, body_abbr, body_short, body_name, body_role_abbr, body_role_name) VALUES (48, 19, 2, 'S', 'Senate', 'Senate', 'Sen', 'Senator');
INSERT INTO body (body_id, state_id, role_id, body_abbr, body_short, body_name, body_role_abbr, body_role_name) VALUES (49, 20, 1, 'H', 'House', 'House of Delegates', 'Del', 'Delegate');
INSERT INTO body (body_id, state_id, role_id, body_abbr, body_short, body_name, body_role_abbr, body_role_name) VALUES (50, 20, 2, 'S', 'Senate', 'Senate', 'Sen', 'Senator');
INSERT INTO body (body_id, state_id, role_id, body_abbr, body_short, body_name, body_role_abbr, body_role_name) VALUES (51, 21, 1, 'H', 'House', 'House of Representatives', 'Rep', 'Representative');
INSERT INTO body (body_id, state_id, role_id, body_abbr, body_short, body_name, body_role_abbr, body_role_name) VALUES (52, 21, 2, 'S', 'Senate', 'Senate', 'Sen', 'Senator');
INSERT INTO body (body_id, state_id, role_id, body_abbr, body_short, body_name, body_role_abbr, body_role_name) VALUES (53, 22, 1, 'H', 'House', 'House of Representatives', 'Rep', 'Representative');
INSERT INTO body (body_id, state_id, role_id, body_abbr, body_short, body_name, body_role_abbr, body_role_name) VALUES (54, 22, 2, 'S', 'Senate', 'Senate', 'Sen', 'Senator');
INSERT INTO body (body_id, state_id, role_id, body_abbr, body_short, body_name, body_role_abbr, body_role_name) VALUES (55, 23, 1, 'H', 'House', 'House of Representatives', 'Rep', 'Representative');
INSERT INTO body (body_id, state_id, role_id, body_abbr, body_short, body_name, body_role_abbr, body_role_name) VALUES (56, 23, 2, 'S', 'Senate', 'Senate', 'Sen', 'Senator');
INSERT INTO body (body_id, state_id, role_id, body_abbr, body_short, body_name, body_role_abbr, body_role_name) VALUES (57, 24, 1, 'H', 'House', 'House of Representatives', 'Rep', 'Representative');
INSERT INTO body (body_id, state_id, role_id, body_abbr, body_short, body_name, body_role_abbr, body_role_name) VALUES (58, 24, 2, 'S', 'Senate', 'Senate', 'Sen', 'Senator');
INSERT INTO body (body_id, state_id, role_id, body_abbr, body_short, body_name, body_role_abbr, body_role_name) VALUES (59, 25, 1, 'H', 'House', 'House of Representatives', 'Rep', 'Representative');
INSERT INTO body (body_id, state_id, role_id, body_abbr, body_short, body_name, body_role_abbr, body_role_name) VALUES (60, 25, 2, 'S', 'Senate', 'Senate', 'Sen', 'Senator');
INSERT INTO body (body_id, state_id, role_id, body_abbr, body_short, body_name, body_role_abbr, body_role_name) VALUES (61, 26, 1, 'H', 'House', 'House of Representatives', 'Rep', 'Representative');
INSERT INTO body (body_id, state_id, role_id, body_abbr, body_short, body_name, body_role_abbr, body_role_name) VALUES (62, 26, 2, 'S', 'Senate', 'Senate', 'Sen', 'Senator');
INSERT INTO body (body_id, state_id, role_id, body_abbr, body_short, body_name, body_role_abbr, body_role_name) VALUES (64, 27, 2, 'L', 'Legislature', 'Legislature', 'Sen', 'Senator');
INSERT INTO body (body_id, state_id, role_id, body_abbr, body_short, body_name, body_role_abbr, body_role_name) VALUES (65, 28, 1, 'A', 'Assembly', 'Assembly', 'Rep', 'Representative');
INSERT INTO body (body_id, state_id, role_id, body_abbr, body_short, body_name, body_role_abbr, body_role_name) VALUES (66, 28, 2, 'S', 'Senate', 'Senate', 'Sen', 'Senator');
INSERT INTO body (body_id, state_id, role_id, body_abbr, body_short, body_name, body_role_abbr, body_role_name) VALUES (67, 29, 1, 'H', 'House', 'House of Representatives', 'Rep', 'Representative');
INSERT INTO body (body_id, state_id, role_id, body_abbr, body_short, body_name, body_role_abbr, body_role_name) VALUES (68, 29, 2, 'S', 'Senate', 'Senate', 'Sen', 'Senator');
INSERT INTO body (body_id, state_id, role_id, body_abbr, body_short, body_name, body_role_abbr, body_role_name) VALUES (69, 30, 1, 'A', 'Assembly', 'General Assembly', 'Rep', 'Representative');
INSERT INTO body (body_id, state_id, role_id, body_abbr, body_short, body_name, body_role_abbr, body_role_name) VALUES (70, 30, 2, 'S', 'Senate', 'Senate', 'Sen', 'Senator');
INSERT INTO body (body_id, state_id, role_id, body_abbr, body_short, body_name, body_role_abbr, body_role_name) VALUES (71, 31, 1, 'H', 'House', 'House of Representatives', 'Rep', 'Representative');
INSERT INTO body (body_id, state_id, role_id, body_abbr, body_short, body_name, body_role_abbr, body_role_name) VALUES (72, 31, 2, 'S', 'Senate', 'Senate', 'Sen', 'Senator');
INSERT INTO body (body_id, state_id, role_id, body_abbr, body_short, body_name, body_role_abbr, body_role_name) VALUES (73, 32, 1, 'A', 'Assembly', 'Assembly', 'Asm', 'Assemblymember');
INSERT INTO body (body_id, state_id, role_id, body_abbr, body_short, body_name, body_role_abbr, body_role_name) VALUES (74, 32, 2, 'S', 'Senate', 'Senate', 'Sen', 'Senator');
INSERT INTO body (body_id, state_id, role_id, body_abbr, body_short, body_name, body_role_abbr, body_role_name) VALUES (75, 33, 1, 'H', 'House', 'House of Representatives', 'Rep', 'Representative');
INSERT INTO body (body_id, state_id, role_id, body_abbr, body_short, body_name, body_role_abbr, body_role_name) VALUES (76, 33, 2, 'S', 'Senate', 'Senate', 'Sen', 'Senator');
INSERT INTO body (body_id, state_id, role_id, body_abbr, body_short, body_name, body_role_abbr, body_role_name) VALUES (77, 34, 1, 'H', 'House', 'House of Representatives', 'Rep', 'Representative');
INSERT INTO body (body_id, state_id, role_id, body_abbr, body_short, body_name, body_role_abbr, body_role_name) VALUES (78, 34, 2, 'S', 'Senate', 'Senate', 'Sen', 'Senator');
INSERT INTO body (body_id, state_id, role_id, body_abbr, body_short, body_name, body_role_abbr, body_role_name) VALUES (79, 36, 1, 'H', 'House', 'House of Representatives', 'Rep', 'Representative');
INSERT INTO body (body_id, state_id, role_id, body_abbr, body_short, body_name, body_role_abbr, body_role_name) VALUES (80, 36, 2, 'S', 'Senate', 'Senate', 'Sen', 'Senator');
INSERT INTO body (body_id, state_id, role_id, body_abbr, body_short, body_name, body_role_abbr, body_role_name) VALUES (81, 37, 1, 'H', 'House', 'House of Representatives', 'Rep', 'Representative');
INSERT INTO body (body_id, state_id, role_id, body_abbr, body_short, body_name, body_role_abbr, body_role_name) VALUES (82, 37, 2, 'S', 'Senate', 'Senate', 'Sen', 'Senator');
INSERT INTO body (body_id, state_id, role_id, body_abbr, body_short, body_name, body_role_abbr, body_role_name) VALUES (83, 39, 1, 'H', 'House', 'House of Representatives', 'Rep', 'Representative');
INSERT INTO body (body_id, state_id, role_id, body_abbr, body_short, body_name, body_role_abbr, body_role_name) VALUES (84, 39, 2, 'S', 'Senate', 'Senate', 'Sen', 'Senator');
INSERT INTO body (body_id, state_id, role_id, body_abbr, body_short, body_name, body_role_abbr, body_role_name) VALUES (85, 40, 1, 'H', 'House', 'House of Representatives', 'Rep', 'Representative');
INSERT INTO body (body_id, state_id, role_id, body_abbr, body_short, body_name, body_role_abbr, body_role_name) VALUES (86, 40, 2, 'S', 'Senate', 'Senate', 'Sen', 'Senator');
INSERT INTO body (body_id, state_id, role_id, body_abbr, body_short, body_name, body_role_abbr, body_role_name) VALUES (87, 41, 1, 'H', 'House', 'House of Representatives', 'Rep', 'Representative');
INSERT INTO body (body_id, state_id, role_id, body_abbr, body_short, body_name, body_role_abbr, body_role_name) VALUES (88, 41, 2, 'S', 'Senate', 'Senate', 'Sen', 'Senator');
INSERT INTO body (body_id, state_id, role_id, body_abbr, body_short, body_name, body_role_abbr, body_role_name) VALUES (89, 42, 1, 'H', 'House', 'House of Representatives', 'Rep', 'Representative');
INSERT INTO body (body_id, state_id, role_id, body_abbr, body_short, body_name, body_role_abbr, body_role_name) VALUES (90, 42, 2, 'S', 'Senate', 'Senate', 'Sen', 'Senator');
INSERT INTO body (body_id, state_id, role_id, body_abbr, body_short, body_name, body_role_abbr, body_role_name) VALUES (91, 43, 1, 'H', 'House', 'House of Representatives', 'Rep', 'Representative');
INSERT INTO body (body_id, state_id, role_id, body_abbr, body_short, body_name, body_role_abbr, body_role_name) VALUES (92, 43, 2, 'S', 'Senate', 'Senate', 'Sen', 'Senator');
INSERT INTO body (body_id, state_id, role_id, body_abbr, body_short, body_name, body_role_abbr, body_role_name) VALUES (93, 44, 1, 'H', 'House', 'House of Representatives', 'Rep', 'Representative');
INSERT INTO body (body_id, state_id, role_id, body_abbr, body_short, body_name, body_role_abbr, body_role_name) VALUES (94, 44, 2, 'S', 'Senate', 'Senate', 'Sen', 'Senator');
INSERT INTO body (body_id, state_id, role_id, body_abbr, body_short, body_name, body_role_abbr, body_role_name) VALUES (95, 45, 1, 'H', 'House', 'House of Representatives', 'Rep', 'Representative');
INSERT INTO body (body_id, state_id, role_id, body_abbr, body_short, body_name, body_role_abbr, body_role_name) VALUES (96, 45, 2, 'S', 'Senate', 'Senate', 'Sen', 'Senator');
INSERT INTO body (body_id, state_id, role_id, body_abbr, body_short, body_name, body_role_abbr, body_role_name) VALUES (97, 47, 1, 'H', 'House', 'House of Representatives', 'Rep', 'Representative');
INSERT INTO body (body_id, state_id, role_id, body_abbr, body_short, body_name, body_role_abbr, body_role_name) VALUES (98, 47, 2, 'S', 'Senate', 'Senate', 'Sen', 'Senator');
INSERT INTO body (body_id, state_id, role_id, body_abbr, body_short, body_name, body_role_abbr, body_role_name) VALUES (99, 49, 1, 'A', 'House', 'State Assembly', 'Rep', 'Representative');
INSERT INTO body (body_id, state_id, role_id, body_abbr, body_short, body_name, body_role_abbr, body_role_name) VALUES (100, 49, 2, 'S', 'Senate', 'Senate', 'Sen', 'Senator');
INSERT INTO body (body_id, state_id, role_id, body_abbr, body_short, body_name, body_role_abbr, body_role_name) VALUES (101, 50, 1, 'H', 'House', 'House of Representatives', 'Rep', 'Representative');
INSERT INTO body (body_id, state_id, role_id, body_abbr, body_short, body_name, body_role_abbr, body_role_name) VALUES (102, 50, 2, 'S', 'Senate', 'Senate', 'Sen', 'Senator');
INSERT INTO body (body_id, state_id, role_id, body_abbr, body_short, body_name, body_role_abbr, body_role_name) VALUES (103, 21, 3, 'J', 'Joint', 'Joint Conference', 'Jnt', 'Joint');
INSERT INTO body (body_id, state_id, role_id, body_abbr, body_short, body_name, body_role_abbr, body_role_name) VALUES (106, 49, 3, 'J', 'Joint', 'Joint Conference', 'Jnt', 'Joint');
INSERT INTO body (body_id, state_id, role_id, body_abbr, body_short, body_name, body_role_abbr, body_role_name) VALUES (107, 39, 3, 'J', 'Joint', 'Joint Conference', 'Jnt', 'Joint');
INSERT INTO body (body_id, state_id, role_id, body_abbr, body_short, body_name, body_role_abbr, body_role_name) VALUES (108, 7, 3, 'J', 'Joint', 'Joint Conference', 'Jnt', 'Joint');
INSERT INTO body (body_id, state_id, role_id, body_abbr, body_short, body_name, body_role_abbr, body_role_name) VALUES (109, 16, 3, 'J', 'Joint', 'Joint Conference', 'Jnt', 'Joint');
INSERT INTO body (body_id, state_id, role_id, body_abbr, body_short, body_name, body_role_abbr, body_role_name) VALUES (110, 34, 3, 'J', 'Joint', 'Joint Conference', 'Jnt', 'Joint');
INSERT INTO body (body_id, state_id, role_id, body_abbr, body_short, body_name, body_role_abbr, body_role_name) VALUES (111, 4, 3, 'J', 'Joint', 'Joint Conference', 'Jnt', 'Joint');
INSERT INTO body (body_id, state_id, role_id, body_abbr, body_short, body_name, body_role_abbr, body_role_name) VALUES (112, 50, 3, 'J', 'Joint', 'Joint Conference', 'Jnt', 'Joint');
INSERT INTO body (body_id, state_id, role_id, body_abbr, body_short, body_name, body_role_abbr, body_role_name) VALUES (113, 8, 3, 'J', 'Joint', 'Joint Conference', 'Jnt', 'Joint');
INSERT INTO body (body_id, state_id, role_id, body_abbr, body_short, body_name, body_role_abbr, body_role_name) VALUES (114, 52, 1, 'H', 'House', 'House of Representatives', 'Rep', 'Representative');
INSERT INTO body (body_id, state_id, role_id, body_abbr, body_short, body_name, body_role_abbr, body_role_name) VALUES (115, 52, 2, 'S', 'Senate', 'Senate', 'Sen', 'Senator');
INSERT INTO body (body_id, state_id, role_id, body_abbr, body_short, body_name, body_role_abbr, body_role_name) VALUES (116, 51, 2, 'C', 'Council', 'City Council', 'Cnc', 'Councilmember');
INSERT INTO body (body_id, state_id, role_id, body_abbr, body_short, body_name, body_role_abbr, body_role_name) VALUES (117, 36, 3, 'J', 'Joint', 'Joint Conference', 'Jnt', 'Joint');
INSERT INTO body (body_id, state_id, role_id, body_abbr, body_short, body_name, body_role_abbr, body_role_name) VALUES (118, 37, 3, 'J', 'Joint', 'Joint Conference', 'Jnt', 'Joint');
INSERT INTO body (body_id, state_id, role_id, body_abbr, body_short, body_name, body_role_abbr, body_role_name) VALUES (119, 19, 3, 'J', 'Joint', 'Joint Conference', 'Jnt', 'Joint');
INSERT INTO body (body_id, state_id, role_id, body_abbr, body_short, body_name, body_role_abbr, body_role_name) VALUES (120, 26, 3, 'J', 'Joint', 'Joint Conference', 'Jnt', 'Joint');
INSERT INTO body (body_id, state_id, role_id, body_abbr, body_short, body_name, body_role_abbr, body_role_name) VALUES (121, 42, 3, 'J', 'Joint', 'Joint Conference', 'Jnt', 'Joint');
INSERT INTO body (body_id, state_id, role_id, body_abbr, body_short, body_name, body_role_abbr, body_role_name) VALUES (122, 25, 3, 'J', 'Joint', 'Joint Conference', 'Jnt', 'Joint');
INSERT INTO body (body_id, state_id, role_id, body_abbr, body_short, body_name, body_role_abbr, body_role_name) VALUES (123, 52, 3, 'J', 'Joint', 'Joint Conference', 'Jnt', 'Joint');
INSERT INTO body (body_id, state_id, role_id, body_abbr, body_short, body_name, body_role_abbr, body_role_name) VALUES (124, 6, 3, 'J', 'Joint', 'Joint Conference', 'Jnt', 'Joint');
INSERT INTO body (body_id, state_id, role_id, body_abbr, body_short, body_name, body_role_abbr, body_role_name) VALUES (125, 15, 3, 'J', 'Joint', 'Joint Conference', 'Jnt', 'Joint');
INSERT INTO body (body_id, state_id, role_id, body_abbr, body_short, body_name, body_role_abbr, body_role_name) VALUES (126, 20, 3, 'J', 'Joint', 'Joint Conference', 'Jnt', 'Joint');
INSERT INTO body (body_id, state_id, role_id, body_abbr, body_short, body_name, body_role_abbr, body_role_name) VALUES (127, 41, 3, 'J', 'Joint', 'Joint Conference', 'Jnt', 'Joint');